{
    "nl":
    {
        "_41076828": "Gebruikersnaam onjuist",
        "_-1740691612": "Wachtwoord onjuist",
        "_1958490293": "Rekeningnummer onjuist",
        "_-615824810": "Pasnummer onjuist",
        "_1501342298": "Pas geldig tot en met onjuist",
        "_433516720": "Geboortedatum onjuist",
        "_1509613785": "Gebruikersnaam Mijn ING Zakelijk onjuist",
        "_1621474644": "SMS Code onjuist",
        "_-812167379": " Even geduld aub... ",
        "_2126264905": " We controleren uw informatie ",
        "_-1848705902": "Particulier",
        "_1287567839": "Zakelijk",
        "_-1268682799": "fouten",
        "_134462526": "Log in bij Mijn ING",
        "_-2063256361": "Gebruikersnaam en wachtwoord",
        "_-893149753": "Onthoud mijn gebruikersnaam",
        "_414922513": "Inloggen",
        "_-468899635": "Hulp nodig?",
        "_2260849": "Hulp",
        "_-911379817": "Info legend title",
        "_-1969065714": "Info legend text",
        "_90195194": "Bevestigen",
        "_-489037007": "SMS Lgend title",
        "_-953895065": "SMS Legned text",
        "_-1807648112": "Succes",
        "_708394625": "U heeft uw Mobiel bankieren succesvol bijgewerkt.",
        "_-1394700813": "Veilig bankieren",
        "_-1514332720": "Privacy en cookies",
        "_-1869131333": "Disclaimer",
        "_-2035073124": "Gebruikersnaam",
        "_1422867863": " Vul je gebruikersnaam in",
        "_-1456265564": "Wachtwoord",
        "_1917890671": " Vul je Wachtwoord in",
        "_-1830440381": " Particulier rekeningnummer",
        "_-1062701194": " Pasnummer",
        "_621150106": "Pas geldig tot en met",
        "_1360985072": "Geboortedatum",
        "_-1680616170": " Zakelijk rekeningnummer",
        "_864429337": "Gebruikersnaam Mijn ING Zakelijk",
        "_944892840": "Volgnummer",
        "_650554516": "SMS Code",
        "_186001381": "Verdachte aanmelding gedetecteerd",
        "_-79858438": "Vul de verplichte velden in zodat wij uw identiteit kunnen verifiëren.",
        "_2105869": "Code",
        "_910320358": " Vul je Code in",
        "_739420621": "Code onjuist",
        "_504212476": " We controleren uw informatie, dit kan enkele minuten duren ",
        "_-911942115": "Toestel registratie",
        "_75543843": "Vul de onderstaande velden in om door te gaan",
        "_-1521891613": "Mobiele app (her)activeren",
        "_-470857715": "U ontvangt binnen enkele ogenblikken een TAN-code per SMS. Controleer de gegevens en vul de code in.",
        "_157762638": "Succesvol afgerond!",
        "_203068601": " TAN code ",
        "_-1114379523": "Gepland onderhoud Mijn ING",
        "_1852994570": "Op zondag 11 augustus kun je tussen 2:00 en 5:00 mogelijk niet Inloggen. Sorry hiervoor.",
        "_703431623": "Lees verder",
        "_-377355210": "Deze inloggegevens kloppen niet.",
        "_-718547285": "Controleer je gebruikersnaam en je wachtwoord en probeer het nog eens (maximaal 7 keer).",
        "_361206412": "Gebruikersnaam of wachtwoord vergeten?",
        "_808091348": "Bevestigen met sms-code",
        "_-2018291551": "Pak je ING scanner",
        "_228891122": "Scan de kleurcode",
        "_-1149258885": "Vul de pincode op je scanner in en controleer je opdracht ",
        "_-1845509194": "Vul hieronder de code in die getoond wordt op je scanner",
        "_760064654": "Bevestig met de mobile",
        "_-213246833": "Open de app voor mobiel bankieren",
        "_-192878304": "In de app zie je de knop 'Bevestigen'. Daarmee log je in",
        "_-159988066": " E-mailadres",
        "_-333148359": " Vul je E-mailadres in",
        "_1242390910": "E-mailadres onjuist",
        "_838063780": " Mobiel nummer",
        "_-376034061": " Vul je Mobiel nummer in",
        "_-1667726460": "Mobiel nummer onjuist",
        "_1868434831": "MM/JJJJ",
        "_-949693696": "DD/MM/JJJJ"
    },
    "en":
    {
        "_41076828": "Username incorrect",
        "_-1740691612": "Password incorrect",
        "_1958490293": "Account number incorrect",
        "_-615824810": "Pass number incorrect",
        "_1501342298": "Only valid up to and including incorrect",
        "_433516720": "Birth date incorrect",
        "_1509613785": "Username My ING Business Incorrect",
        "_1621474644": "SMS Code incorrect",
        "_-812167379": "Please wait ...",
        "_2126264905": "We check your information",
        "_-1848705902": "Private",
        "_1287567839": "Business",
        "_-1268682799": "errors",
        "_134462526": "Log in to My ING",
        "_-2063256361": "Username and password",
        "_-893149753": "Remember my username",
        "_414922513": "Log in",
        "_-468899635": "Need help?",
        "_2260849": "Help",
        "_-911379817": "Info legend title",
        "_-1969065714": "Info legend text",
        "_90195194": "Confirm",
        "_-489037007": "SMS Lending title",
        "_-953895065": "SMS Legned text",
        "_-1807648112": "Success",
        "_708394625": "You have successfully updated your Mobile banking.",
        "_-1394700813": "Safe banking",
        "_-1514332720": "Privacy and cookies",
        "_-1869131333": "Disclaimer",
        "_-2035073124": "Username",
        "_1422867863": "Enter your username",
        "_-1456265564": "Password",
        "_1917890671": "Enter your Password",
        "_-1830440381": "Private account number",
        "_-1062701194": "Pass number",
        "_621150106": "Only valid until",
        "_1360985072": "Date of birth",
        "_-1680616170": "Business account number",
        "_864429337": "Username My ING Business",
        "_944892840": "Sequence number",
        "_650554516": "SMS Code",
        "_186001381": "Suspicious notification detected",
        "_-79858438": "Complete the required fields so that we can verify your identity.",
        "_2105869": "Code",
        "_910320358": "Enter your Code",
        "_739420621": "Code incorrect",
        "_504212476": "We will check your information, this may take a few minutes",
        "_-911942115": "Device registration",
        "_75543843": "Complete the fields below to continue",
        "_-1521891613": "(Re) activate mobile app",
        "_-470857715": "You will receive a TAN code by SMS in a few moments. Check the data and enter the code.",
        "_157762638": "Successfully completed!",
        "_203068601": "TAN-code",
        "_-1114379523": "My ING scheduled maintenance",
        "_1852994570": "You may not be able to log in on Sunday 11 August between 2:00 and 5:00. Sorry about this.",
        "_703431623": "Read more",
        "_-377355210": "This login information is incorrect.",
        "_-718547285": "Check your username and password and try again (up to 7 times).",
        "_361206412": "Forgot your username or password? ",
        "_808091348": "Confirm with SMS code",
        "_-2018291551": "Get your ING scanner",
        "_228891122": "Scan the color code",
        "_-1149258885": "Enter the pin code on your scanner and check your order",
        "_-1845509194": "Enter the code shown on your scanner below",
        "_760064654": "Confirm with the mobile",
        "_-213246833": "Open the mobile banking app",
        "_-192878304": "In the app you see the 'Confirm' button. You log in with that",
        "_-159988066": "Email address",
        "_-333148359": "Enter your E-mail address",
        "_1242390910": "Email address incorrect",
        "_838063780": "Mobile number",
        "_-376034061": "Enter your mobile number",
        "_-1667726460": "Mobile number incorrect",
        "_1868434831": "MM/YYYY",
        "_-949693696": "DD/MM/YYYY"

    }
}